{"cameraMode":{"drawMode":0,"name":"Shaded","section":"Shading Mode"},"sceneLighting":false,"audioPlay":false,"sceneViewState":{"showFog":true,"showMaterialUpdate":true,"showSkybox":false,"showFlares":true,"showImageEffects":true,"showParticleSystems":true},"in2DMode":false,"pivot":{"x":34.8116455078125,"y":2.627408027648926,"z":34.4080924987793},"rotation":{"x":-1.3304884305398446e-8,"y":0.907155454158783,"z":-0.4207973778247833,"w":-4.815842657990288e-8},"size":5.5364274978637699,"orthographic":false}