{"cameraMode":{"drawMode":0,"name":"Shaded","section":"Shading Mode"},"sceneLighting":true,"audioPlay":false,"sceneViewState":{"showFog":true,"showMaterialUpdate":true,"showSkybox":true,"showFlares":true,"showImageEffects":true,"showParticleSystems":true},"in2DMode":false,"pivot":{"x":6.996723175048828,"y":-44.154850006103519,"z":-24.319774627685548},"rotation":{"x":-1.3304884305398446e-8,"y":0.907155454158783,"z":-0.4207973778247833,"w":-4.815842657990288e-8},"size":65.20260620117188,"orthographic":false}