{"cameraMode":{"drawMode":0,"name":"Shaded","section":"Shading Mode"},"sceneLighting":false,"audioPlay":false,"sceneViewState":{"showFog":true,"showMaterialUpdate":true,"showSkybox":false,"showFlares":true,"showImageEffects":true,"showParticleSystems":true},"in2DMode":false,"pivot":{"x":15.002608299255371,"y":3.069575071334839,"z":34.9583625793457},"rotation":{"x":-1.3304884305398446e-8,"y":0.907155454158783,"z":-0.4207973778247833,"w":-4.815842657990288e-8},"size":5.249894142150879,"orthographic":false}